Tid,Name,Price,Category,Grade,Tags,Desc
int,string,long,string,int,string,string
@아이디,@빵재료명,@골드가격,@분류(같은 분류끼리 등급 교체),@등급(1=하급 2=중급 3=고급),@속성(|구분),@설명
200001,밀가루,15,밀가루,1,담백함|기본,빵 반죽의 기본이 되는 곡물 가루예요.
200002,버터,25,버터,1,고소함,풍부한 향을 더하는 기본 버터예요.
200003,소금,5,소금,1,짭짤함,단맛을 살려 주는 기본 소금이에요.
200004,설탕,15,설탕,1,달콤함,깔끔한 단맛을 더하는 기본 설탕이에요.
200005,계란,20,계란,1,부드러움,반죽을 폭신하게 잡아 주는 계란이에요.
200006,우유,15,우유,1,부드러움,반죽을 촉촉하게 만드는 기본 우유예요.
200007,팥앙금,30,팥앙금,1,달콤함|든든함,달콤하게 졸인 기본 팥앙금이에요.
200008,치즈,30,치즈,1,고소함|짭짤함,녹으면 고소한 기본 치즈예요.
200009,초콜릿,35,초콜릿,1,달콤함|진함,달콤한 기본 초콜릿이에요.
200010,마늘,20,마늘,1,향긋함,향을 더하는 기본 마늘이에요.
200011,크림치즈,35,크림치즈,1,부드러움|상큼함,부드러운 기본 크림치즈예요.
200012,건포도,25,건포도,1,달콤함,달콤한 기본 건포도예요.
200013,시나몬,20,시나몬,1,향긋함,향긋한 기본 시나몬 가루예요.
200101,고운 밀가루,30,밀가루,2,담백함|부드러움,입자가 고와 반죽을 부드럽게 만들어요.
200102,발효 버터,50,버터,2,고소함|풍미,은은한 산미와 깊은 향이 나는 버터예요.
200103,천일염,10,소금,2,짭짤함|깔끔함,햇볕에 말린 깔끔한 맛의 소금이에요.
200104,황설탕,30,설탕,2,달콤함|풍미,은은한 향과 깊은 단맛을 더해요.
200105,유정란,40,계란,2,부드러움|영양,노른자가 진한 신선한 계란이에요.
200106,신선 우유,30,우유,2,부드러움|신선함,신선한 풍미가 살아 있는 우유예요.
200107,통팥앙금,60,팥앙금,2,달콤함|식감,팥알이 씹히는 통팥앙금이에요.
200108,체다 치즈,60,치즈,2,고소함|진함,진한 맛의 체다 치즈예요.
200109,다크 초콜릿,70,초콜릿,2,쌉쌀함|진함,카카오 함량이 높은 초콜릿이에요.
200110,햇마늘,40,마늘,2,향긋함|신선함,갓 수확한 향긋한 마늘이에요.
200111,생크림치즈,70,크림치즈,2,부드러움|고소함,생크림을 더해 더 부드러운 크림치즈예요.
200112,청포도 건포도,50,건포도,2,달콤함|상큼함,상큼한 청포도로 만든 건포도예요.
200113,시나몬 스틱,40,시나몬,2,향긋함|풍미,통으로 갈아 향이 진한 시나몬이에요.
200201,황금 밀가루,60,밀가루,3,고소함|풍미,엄선한 곡물을 곱게 제분한 밀가루예요.
200202,고메 버터,100,버터,3,고소함|바삭함,결을 바삭하게 살려 주는 고급 버터예요.
200203,핑크 솔트,20,소금,3,짭짤함|풍미,미네랄이 풍부한 고급 소금이에요.
200204,흑설탕,60,설탕,3,진한 단맛|향긋함,진한 당밀 향이 살아 있는 설탕이에요.
200205,동물복지 계란,80,계란,3,부드러움|풍미,건강하게 기른 닭의 고급 계란이에요.
200206,고급 우유,60,우유,3,고소함|풍미,진하고 고소한 풍미의 우유예요.
200207,국산 팥앙금,120,팥앙금,3,달콤함|풍미,국산 팥으로 정성껏 쑨 앙금이에요.
200208,숙성 치즈,120,치즈,3,고소함|풍미,오래 숙성해 깊은 향이 나는 치즈예요.
200209,고급 초콜릿,140,초콜릿,3,달콤함|풍미,부드럽게 녹는 고급 초콜릿이에요.
200210,흑마늘,80,마늘,3,달콤함|풍미,숙성해 단맛이 도는 흑마늘이에요.
200211,프리미엄 크림치즈,140,크림치즈,3,부드러움|풍미,진하고 매끄러운 고급 크림치즈예요.
200212,유기농 건포도,100,건포도,3,달콤함|풍미,유기농 포도로 말린 건포도예요.
200213,실론 시나몬,80,시나몬,3,향긋함|달콤함,은은하고 달큰한 고급 시나몬이에요.
