Tid,@BreadName,BreadMaterial1,BreadMaterial2,BreadMaterial3,BreadMaterial4,BreadMaterial5,RecipePrice,Tags,Desc
int,@string,int,int,int,int,int,long,string,string
@아이디,@브레드명,@빵재료1,@빵재료2,@빵재료3,@빵재료4,@빵재료5,@레시피 구매가,@속성(|구분),@설명
20001,@소금빵,200001,200002,200003,0,0,800,짭짤함|고소함,버터를 품고 구워 겉은 바삭하고 속은 촉촉한 빵이에요.
20002,@식빵,200001,200002,200004,200006,0,0,고소함|부드러움,밀가루와 우유로 만드는 부드러운 기본 빵이에요.
20003,@우유식빵,200001,200006,200004,0,0,900,부드러움|달콤함,우유를 듬뿍 넣어 더 촉촉한 식빵이에요.
20004,@크루아상,200001,200002,0,0,0,1200,고소함|바삭함,겹겹이 바삭한 버터 풍미의 빵이에요.
20005,@단팥빵,200001,200002,200007,0,0,900,달콤함|든든함,달콤한 팥앙금이 가득 든 빵이에요.
20006,@소보로빵,200001,200002,200004,200005,0,1000,달콤함|고소함,바삭한 소보로를 올린 달콤한 빵이에요.
20007,@마늘빵,200001,200002,200010,0,0,1000,향긋함|짭짤함,향긋한 마늘 버터를 바른 빵이에요.
20008,@치즈빵,200001,200002,200008,0,0,1000,고소함|짭짤함,고소한 치즈가 쭉 늘어나는 빵이에요.
20009,@초코빵,200001,200002,200009,0,0,1000,달콤함|진함,진한 초콜릿이 들어간 달콤한 빵이에요.
20010,@크림빵,200001,200002,200011,0,0,1000,부드러움|달콤함,부드러운 크림이 가득한 빵이에요.
20011,@건포도 베이글,200001,200005,200012,200013,0,1400,달콤함|쫄깃함,쫄깃한 반죽에 건포도와 시나몬을 더했어요.
