Tid,@Name,DrinkType,DrinkTempType,DrinkMaterial1,DrinkMaterial2,DrinkMaterial3,DrinkMaterial4,DrinkMaterial5,Weight,Desc
int,@string,Enum(eDrinkType),Enum(eDrinkTempType),int,int,int,int,int,int,string
@아이디,@음료명,@음료타입,@가격,@음료온도타입,@음료재료1,@음료재료2,@음료재료3,@음료재료4,@음료재료5,@구매확률가중치,@설명
10001,@아이스 아메리카노,Coffee,Ice,100001,100003,0,0,0,5,시원한 물에 에스프레소를 부어 깔끔하고 쌉쌀한 맛이 살아 있어요.
10002,@핫 아메리카노,Coffee,Hot,100001,100003,0,0,0,1,갓 내린 에스프레소를 뜨거운 물에 풀어 향이 깊게 퍼져요.
10003,@아이스 헤이즐넛 라떼,Coffee,Ice,100003,100002,100004,0,0,1,고소한 헤이즐넛 시럽이 우유와 어우러진 시원한 라떼예요.
10004,@핫 헤이즐넛 라떼,Coffee,Hot,100003,100002,100004,0,0,1,따뜻한 우유에 헤이즐넛 향이 은은하게 감도는 라떼예요.
10005,@아이스 바닐라 라떼,Coffee,Ice,100003,100002,100005,0,0,1,달콤한 바닐라 향이 부드러운 우유와 잘 어울리는 시원한 라떼예요.
10006,@핫 바닐라 라떼,Coffee,Hot,100003,100002,100005,0,0,1,포근한 바닐라 향이 피어오르는 따뜻한 라떼예요.
10007,@아이스 카페모카,Coffee,Ice,100003,100002,100007,0,0,1,진한 초콜릿과 에스프레소가 만난 달콤쌉쌀한 시원한 커피예요.
10008,@핫 카페모카,Coffee,Hot,100003,100002,100007,0,0,1,초콜릿의 단맛과 커피의 쌉쌀함이 따뜻하게 어우러져요.
10009,@아이스 카라멜 마키아토,Coffee,Ice,100003,100002,100005,100006,0,1,바닐라 라떼 위에 카라멜 시럽을 더해 달콤함이 두 배예요.
10010,@핫 카라멜 마키아토,Coffee,Hot,100003,100002,100005,100006,0,1,카라멜의 진한 단맛이 따뜻한 우유 거품 위로 번져요.
10011,@아이스 카푸치노,Coffee,Ice,100003,100002,0,0,0,1,에스프레소와 우유를 같은 비율로 담아 고소하고 가벼운 커피예요.
10012,@핫 카푸치노,Coffee,Hot,100003,100002,0,0,0,1,폭신한 우유 거품 아래 진한 에스프레소가 숨어 있어요.
10013,@아이스 카페라떼,Coffee,Ice,100003,100002,100002,100008,0,4,넉넉한 우유로 부드럽게 즐기는 가장 기본적인 라떼예요.
10014,@핫 카페라떼,Coffee,Hot,100003,100002,100002,0,0,2,따뜻한 우유가 에스프레소의 쓴맛을 부드럽게 감싸 줘요.
10015,@아이스 흑당 라떼,Coffee,Ice,100003,100002,100021,100008,0,2,흑당 시럽의 깊은 단맛이 우유를 타고 줄무늬처럼 흘러내려요.
10016,@핫 흑당 라떼,Coffee,Hot,100003,100002,100021,0,0,1,달큰한 흑당 향이 따뜻한 라떼에 진하게 배어 있어요.
10017,@아이스 아인슈페너,Coffee,Ice,100003,100003,100022,100008,0,1,차가운 커피 위에 달콤한 크림을 두껍게 얹은 비엔나 커피예요.
10018,@핫 아인슈페너,Coffee,Hot,100003,100003,100022,0,0,1,따뜻한 커피 위 부드러운 크림을 녹여 가며 마시는 커피예요.
11001,@아이스 홍차,Tea,Ice,100009,100001,100008,0,0,2,향긋한 홍차를 얼음에 식혀 산뜻하게 마시는 차예요.
11002,@핫 홍차,Tea,Hot,100009,100001,0,0,0,1,따뜻하게 우린 홍차의 은은한 향이 마음을 편하게 해 줘요.
11003,@아이스 밀크티,Tea,Ice,100009,100002,100021,100008,0,3,진하게 우린 홍차에 우유와 흑당 시럽을 더한 시원한 밀크티예요.
11004,@핫 밀크티,Tea,Hot,100009,100002,100021,0,0,2,홍차와 우유가 부드럽게 섞인 따뜻하고 달콤한 밀크티예요.
11005,@아이스 말차 라떼,Tea,Ice,100010,100002,100008,0,0,2,쌉쌀한 녹차 가루와 우유가 만나 고소하고 깔끔한 라떼예요.
12001,@레몬에이드,Ade,Ice,100011,100020,100008,0,0,3,상큼한 레몬과 톡 쏘는 탄산수로 더위를 날려 주는 에이드예요.
12002,@자몽에이드,Ade,Ice,100012,100020,100008,0,0,2,쌉쌀하고 새콤한 자몽을 탄산수에 담은 어른스러운 에이드예요.
12003,@청포도에이드,Ade,Ice,100014,100020,100008,0,0,2,달콤한 청포도 향이 탄산과 함께 톡톡 터지는 에이드예요.
13001,@오렌지 주스,Juice,Ice,100013,100013,100008,0,0,2,오렌지를 듬뿍 넣어 새콤달콤한 과즙이 가득한 주스예요.
13002,@딸기 라떼,Juice,Ice,100015,100015,100002,100008,0,3,달콤한 딸기를 우유에 듬뿍 넣은 분홍빛 음료예요.
14001,@딸기 요거트 스무디,Smoothie,Ice,100015,100019,100008,100008,0,2,딸기와 요거트를 곱게 갈아 새콤달콤하고 시원해요.
14002,@망고 요거트 스무디,Smoothie,Ice,100018,100019,100008,100008,0,2,진한 망고와 요거트가 만나 부드럽고 달콤한 스무디예요.
14003,@블루베리 요거트 스무디,Smoothie,Ice,100017,100019,100008,100008,0,1,블루베리의 새콤함과 요거트의 고소함이 잘 어울려요.
14004,@바나나 스무디,Smoothie,Ice,100016,100002,100008,100008,0,1,바나나와 우유를 갈아 든든하고 부드러운 스무디예요.
15001,@버블 밀크티,BubbleTea,Ice,100009,100002,100023,100008,0,2,밀크티에 쫀득한 펄을 듬뿍 넣어 씹는 재미가 있어요.
15002,@흑당 버블티,BubbleTea,Ice,100021,100002,100023,100008,0,3,흑당 시럽과 우유 그리고 쫀득한 펄이 어우러진 인기 버블티예요.
15003,@딸기 버블티,BubbleTea,Ice,100015,100002,100023,100008,0,2,딸기 우유에 쫀득한 펄을 더한 달콤한 버블티예요.
15004,@망고 버블티,BubbleTea,Ice,100018,100002,100023,100008,0,2,달콤한 망고 우유에 쫀득한 펄이 가득한 버블티예요.
15005,@타로 버블티,BubbleTea,Ice,100024,100002,100023,100008,0,2,고소하고 달콤한 타로 맛 우유에 펄을 넣은 보랏빛 버블티예요.
